"Statistic","Financial Year","Local Government District","A Class","B Class","C Class"
"Good","2019/20","Antrim and Newtownabbey",84.8,78.1,73.1
"Good","2019/20","Armagh City, Banbridge and Craigavon",83.2,73.6,64.1
"Good","2019/20","Belfast",79.2,81.2,82.8
"Good","2019/20","Causeway Coast and Glens",85.3,76.5,67.3
"Good","2019/20","Derry City and Strabane",88,69.8,57.9
"Good","2019/20","Fermanagh and Omagh",81.2,69.8,57.8
"Good","2019/20","Lisburn and Castlereagh",77.9,73.7,67.8
"Good","2019/20","Mid and East Antrim",85.8,74.4,67.1
"Good","2019/20","Mid Ulster",80.5,68.6,62.7
"Good","2019/20","Newry, Mourne and Down",73.1,69.7,56.2
"Good","2019/20","Ards and North Down",75.7,80.3,76.4
"Good","2019/20","Northern Ireland",80.9,72.6,62.8
"Good","2020/21","Antrim and Newtownabbey",87.2,78.9,75.1
"Good","2020/21","Armagh City, Banbridge and Craigavon",81.4,74,64.1
"Good","2020/21","Belfast",80.3,82.8,82.3
"Good","2020/21","Causeway Coast and Glens",86.1,76.4,67.7
"Good","2020/21","Derry City and Strabane",86.4,69.8,58
"Good","2020/21","Fermanagh and Omagh",82.6,70.6,58.7
"Good","2020/21","Lisburn and Castlereagh",78.6,73.7,67.9
"Good","2020/21","Mid and East Antrim",87.9,75.5,67.7
"Good","2020/21","Mid Ulster",80.4,69.3,62.2
"Good","2020/21","Newry, Mourne and Down",72.9,70.2,55.8
"Good","2020/21","Ards and North Down",77.6,80.8,76.4
"Good","2020/21","Northern Ireland",81.4,73.1,63
"Good","2021/22","Antrim and Newtownabbey",88.6,78,75.9
"Good","2021/22","Armagh City, Banbridge and Craigavon",81.6,73.9,64.2
"Good","2021/22","Belfast",78.5,83.9,83.6
"Good","2021/22","Causeway Coast and Glens",86.7,76.2,68
"Good","2021/22","Derry City and Strabane",85.7,70.6,58.8
"Good","2021/22","Fermanagh and Omagh",84.7,70.6,58.7
"Good","2021/22","Lisburn and Castlereagh",80.4,74.9,70.8
"Good","2021/22","Mid and East Antrim",89,78,69
"Good","2021/22","Mid Ulster",81.7,69.3,62.6
"Good","2021/22","Newry, Mourne and Down",75.1,70.2,55.7
"Good","2021/22","Ards and North Down",79.7,80.9,77.3
"Good","2021/22","Northern Ireland",82.7,73.4,63.5
"Good","2022/23","Antrim and Newtownabbey",89.3,79.5,75.7
"Good","2022/23","Armagh City, Banbridge and Craigavon",81,76.7,64.7
"Good","2022/23","Belfast",79.5,84.4,83.2
"Good","2022/23","Causeway Coast and Glens",85.8,78.1,71.4
"Good","2022/23","Derry City and Strabane",85,71.8,62.1
"Good","2022/23","Fermanagh and Omagh",85,71.5,60
"Good","2022/23","Lisburn and Castlereagh",82.6,75.1,70.7
"Good","2022/23","Mid and East Antrim",88,79.5,71
"Good","2022/23","Mid Ulster",81.5,69.5,63
"Good","2022/23","Newry, Mourne and Down",76.1,71,56.4
"Good","2022/23","Ards and North Down",78.9,80.3,78.4
"Good","2022/23","Northern Ireland",82.6,74.6,64.8
"Good","2023/24","Antrim and Newtownabbey",86.6,79.5,75.5
"Good","2023/24","Armagh City, Banbridge and Craigavon",77.4,77.4,64.5
"Good","2023/24","Belfast",78.9,82.8,81.6
"Good","2023/24","Causeway Coast and Glens",83.7,80.9,72.4
"Good","2023/24","Derry City and Strabane",84.3,72.4,60.6
"Good","2023/24","Fermanagh and Omagh",82.4,73.1,60.2
"Good","2023/24","Lisburn and Castlereagh",80,76.2,70.5
"Good","2023/24","Mid and East Antrim",81.3,79.5,71
"Good","2023/24","Mid Ulster",81.1,70.1,63.1
"Good","2023/24","Newry, Mourne and Down",73.4,71,57.3
"Good","2023/24","Ards and North Down",74.9,74.7,75.1
"Good","2023/24","Northern Ireland",79.9,75.4,64.7
"Good","2024/25","Antrim and Newtownabbey",86.3,78.8,74.1
"Good","2024/25","Armagh City, Banbridge and Craigavon",77.3,79.1,62.4
"Good","2024/25","Belfast",78.9,81.9,80.4
"Good","2024/25","Causeway Coast and Glens",84.8,75.5,68.3
"Good","2024/25","Derry City and Strabane",84.5,65.7,56
"Good","2024/25","Fermanagh and Omagh",82.4,70,55.3
"Good","2024/25","Lisburn and Castlereagh",80,73.8,69.9
"Good","2024/25","Mid and East Antrim",81.3,79,67.5
"Good","2024/25","Mid Ulster",81.1,70.3,59.6
"Good","2024/25","Newry, Mourne and Down",73.4,67.1,51.9
"Good","2024/25","Ards and North Down",74.9,73.8,74.7
"Good","2024/25","Northern Ireland",80,72.9,60.9
"Average","2019/20","Antrim and Newtownabbey",13.8,18.9,24.1
"Average","2019/20","Armagh City, Banbridge and Craigavon",15,23.3,31.1
"Average","2019/20","Belfast",17.9,16.6,15.4
"Average","2019/20","Causeway Coast and Glens",13.5,21.1,29.2
"Average","2019/20","Derry City and Strabane",10.9,26.9,35
"Average","2019/20","Fermanagh and Omagh",16.4,25.8,34.7
"Average","2019/20","Lisburn and Castlereagh",18.9,23,28.1
"Average","2019/20","Mid and East Antrim",12.6,22.5,29.1
"Average","2019/20","Mid Ulster",17.5,27.1,32.4
"Average","2019/20","Newry, Mourne and Down",22.5,25.5,37.3
"Average","2019/20","Ards and North Down",20.9,16.8,21.2
"Average","2019/20","Northern Ireland",16.7,23.8,31.9
"Average","2020/21","Antrim and Newtownabbey",11.8,18.5,22.6
"Average","2020/21","Armagh City, Banbridge and Craigavon",16.7,23,31.2
"Average","2020/21","Belfast",17.1,15.4,15.7
"Average","2020/21","Causeway Coast and Glens",12.9,21.1,29
"Average","2020/21","Derry City and Strabane",12.3,26.9,34.9
"Average","2020/21","Fermanagh and Omagh",15.4,25.4,34.3
"Average","2020/21","Lisburn and Castlereagh",17.9,22.9,28
"Average","2020/21","Mid and East Antrim",10.9,21.7,29
"Average","2020/21","Mid Ulster",17.8,26.6,33.1
"Average","2020/21","Newry, Mourne and Down",22.9,25.2,37.8
"Average","2020/21","Ards and North Down",19.4,16.5,21.2
"Average","2020/21","Northern Ireland",16.3,23.5,31.9
"Average","2021/22","Antrim and Newtownabbey",10.3,19.3,21.8
"Average","2021/22","Armagh City, Banbridge and Craigavon",16.8,23,31.1
"Average","2021/22","Belfast",18.6,14.6,14.6
"Average","2021/22","Causeway Coast and Glens",12.3,21.3,28.8
"Average","2021/22","Derry City and Strabane",12.6,26.2,34.4
"Average","2021/22","Fermanagh and Omagh",13.5,25.4,34.3
"Average","2021/22","Lisburn and Castlereagh",16.5,21.9,25.8
"Average","2021/22","Mid and East Antrim",9.9,19.7,28.2
"Average","2021/22","Mid Ulster",16.6,26.5,32.9
"Average","2021/22","Newry, Mourne and Down",21.5,25.2,37.9
"Average","2021/22","Ards and North Down",17.7,16.2,20.7
"Average","2021/22","Northern Ireland",15.3,23.3,31.5
"Average","2022/23","Antrim and Newtownabbey",9.5,17.9,21.9
"Average","2022/23","Armagh City, Banbridge and Craigavon",17.2,20.6,30.7
"Average","2022/23","Belfast",17.6,14.1,15
"Average","2022/23","Causeway Coast and Glens",13.1,19.7,26.2
"Average","2022/23","Derry City and Strabane",13.2,25.6,33.7
"Average","2022/23","Fermanagh and Omagh",13.4,24.9,34.1
"Average","2022/23","Lisburn and Castlereagh",14.9,21.8,25.9
"Average","2022/23","Mid and East Antrim",10.6,18.5,26.6
"Average","2022/23","Mid Ulster",17,26.4,32.8
"Average","2022/23","Newry, Mourne and Down",20.6,24.8,37.6
"Average","2022/23","Ards and North Down",18.1,16.7,19.9
"Average","2022/23","Northern Ireland",15.4,22.4,31
"Average","2023/24","Antrim and Newtownabbey",11.7,17.9,22.1
"Average","2023/24","Armagh City, Banbridge and Craigavon",20.3,20.2,30.9
"Average","2023/24","Belfast",18.2,15.2,16.6
"Average","2023/24","Causeway Coast and Glens",15,17.4,25.5
"Average","2023/24","Derry City and Strabane",14,25.1,33.9
"Average","2023/24","Fermanagh and Omagh",15.6,23.7,33.8
"Average","2023/24","Lisburn and Castlereagh",17,20.9,25.9
"Average","2023/24","Mid and East Antrim",16.7,18.5,26.6
"Average","2023/24","Mid Ulster",17.4,25.9,32.8
"Average","2023/24","Newry, Mourne and Down",22.6,25.2,36.7
"Average","2023/24","Ards and North Down",21.5,21.3,22.9
"Average","2023/24","Northern Ireland",17.8,21.8,30.9
"Average","2024/25","Antrim and Newtownabbey",11.9,18.2,23
"Average","2024/25","Armagh City, Banbridge and Craigavon",20.4,18.7,32.5
"Average","2024/25","Belfast",18.2,16,17.6
"Average","2024/25","Causeway Coast and Glens",14,22,28.3
"Average","2024/25","Derry City and Strabane",13.7,29.9,35.2
"Average","2024/25","Fermanagh and Omagh",15.6,25.6,36
"Average","2024/25","Lisburn and Castlereagh",17,23.2,26.6
"Average","2024/25","Mid and East Antrim",16.7,18.8,28.9
"Average","2024/25","Mid Ulster",17.5,25.6,34.8
"Average","2024/25","Newry, Mourne and Down",22.6,27.2,38.4
"Average","2024/25","Ards and North Down",21.5,21.9,23.1
"Average","2024/25","Northern Ireland",17.7,23.6,32.8
"Poor","2019/20","Antrim and Newtownabbey",1.4,3,2.8
"Poor","2019/20","Armagh City, Banbridge and Craigavon",1.8,3.2,4.8
"Poor","2019/20","Belfast",2.9,2.2,1.8
"Poor","2019/20","Causeway Coast and Glens",1.2,2.4,3.4
"Poor","2019/20","Derry City and Strabane",1.1,3.3,7.2
"Poor","2019/20","Fermanagh and Omagh",2.4,4.4,7.5
"Poor","2019/20","Lisburn and Castlereagh",3.2,3.4,4.2
"Poor","2019/20","Mid and East Antrim",1.6,3.1,3.8
"Poor","2019/20","Mid Ulster",2,4.3,5
"Poor","2019/20","Newry, Mourne and Down",4.4,4.8,6.5
"Poor","2019/20","Ards and North Down",3.4,2.8,2.5
"Poor","2019/20","Northern Ireland",2.4,3.6,5.3
"Poor","2020/21","Antrim and Newtownabbey",1.1,2.6,2.3
"Poor","2020/21","Armagh City, Banbridge and Craigavon",1.8,3,4.7
"Poor","2020/21","Belfast",2.6,1.8,2.1
"Poor","2020/21","Causeway Coast and Glens",1,2.5,3.3
"Poor","2020/21","Derry City and Strabane",1.3,3.3,7.2
"Poor","2020/21","Fermanagh and Omagh",2,4,7
"Poor","2020/21","Lisburn and Castlereagh",3.4,3.3,4.2
"Poor","2020/21","Mid and East Antrim",1.2,2.8,3.3
"Poor","2020/21","Mid Ulster",1.8,4.1,4.6
"Poor","2020/21","Newry, Mourne and Down",4.2,4.6,6.4
"Poor","2020/21","Ards and North Down",3,2.7,2.5
"Poor","2020/21","Northern Ireland",2.2,3.4,5.1
"Poor","2021/22","Antrim and Newtownabbey",1.1,2.7,2.3
"Poor","2021/22","Armagh City, Banbridge and Craigavon",1.7,3.1,4.7
"Poor","2021/22","Belfast",2.9,1.5,1.8
"Poor","2021/22","Causeway Coast and Glens",0.9,2.5,3.3
"Poor","2021/22","Derry City and Strabane",1.7,3.2,6.8
"Poor","2021/22","Fermanagh and Omagh",1.8,4,7
"Poor","2021/22","Lisburn and Castlereagh",3.1,3.2,3.5
"Poor","2021/22","Mid and East Antrim",1.1,2.3,2.9
"Poor","2021/22","Mid Ulster",1.6,4.2,4.5
"Poor","2021/22","Newry, Mourne and Down",3.3,4.6,6.4
"Poor","2021/22","Ards and North Down",2.6,2.8,2
"Poor","2021/22","Northern Ireland",1.9,3.3,5
"Poor","2022/23","Antrim and Newtownabbey",1.2,2.5,2.4
"Poor","2022/23","Armagh City, Banbridge and Craigavon",1.8,2.7,4.6
"Poor","2022/23","Belfast",2.8,1.5,1.9
"Poor","2022/23","Causeway Coast and Glens",1.1,2.2,2.4
"Poor","2022/23","Derry City and Strabane",1.9,2.6,4.2
"Poor","2022/23","Fermanagh and Omagh",1.7,3.6,5.9
"Poor","2022/23","Lisburn and Castlereagh",2.6,3.1,3.5
"Poor","2022/23","Mid and East Antrim",1.3,2,2.4
"Poor","2022/23","Mid Ulster",1.5,4.1,4.2
"Poor","2022/23","Newry, Mourne and Down",3.2,4.2,6
"Poor","2022/23","Ards and North Down",3,3,1.7
"Poor","2022/23","Northern Ireland",2,3.1,4.3
"Poor","2023/24","Antrim and Newtownabbey",1.7,2.5,2.4
"Poor","2023/24","Armagh City, Banbridge and Craigavon",2.3,2.4,4.6
"Poor","2023/24","Belfast",2.9,2.1,1.9
"Poor","2023/24","Causeway Coast and Glens",1.3,1.7,2.1
"Poor","2023/24","Derry City and Strabane",1.8,2.5,5.4
"Poor","2023/24","Fermanagh and Omagh",1.9,3.2,6
"Poor","2023/24","Lisburn and Castlereagh",3,2.9,3.6
"Poor","2023/24","Mid and East Antrim",2,2,2.4
"Poor","2023/24","Mid Ulster",1.4,4,4.2
"Poor","2023/24","Newry, Mourne and Down",3.9,3.8,6
"Poor","2023/24","Ards and North Down",3.6,4,2
"Poor","2023/24","Northern Ireland",2.3,2.8,4.4
"Poor","2024/25","Antrim and Newtownabbey",1.7,3,2.9
"Poor","2024/25","Armagh City, Banbridge and Craigavon",2.3,2.2,5.1
"Poor","2024/25","Belfast",2.9,2.2,2
"Poor","2024/25","Causeway Coast and Glens",1.2,2.5,3.4
"Poor","2024/25","Derry City and Strabane",1.8,4.4,8.8
"Poor","2024/25","Fermanagh and Omagh",1.9,4.4,8.8
"Poor","2024/25","Lisburn and Castlereagh",3,3.1,3.6
"Poor","2024/25","Mid and East Antrim",2,2.1,3.5
"Poor","2024/25","Mid Ulster",1.4,4.1,5.6
"Poor","2024/25","Newry, Mourne and Down",3.9,5.7,9.8
"Poor","2024/25","Ards and North Down",3.6,4.2,2.1
"Poor","2024/25","Northern Ireland",2.4,3.6,6.3
